id,orderHash,offerer,recipient,zone,blockTimestamp,transactionHash
0xca09b5d81a57a6e7bcc5dff77c8afe971acd3237f5fc67cd91847ed8e0f5786725000000,0x2e85f760bf19ac292e82830e2116be0050b8abcd995285a9ea88dc1e601d41df,0x289526de2b974ca307b7d383d2c091e7cf03c92a,0x7b48929310e1872181a045f888cd1575e97889a6,0x004c00500000ad104d7dbd00e3ae0a5c00560c00,1655428633,0xca09b5d81a57a6e7bcc5dff77c8afe971acd3237f5fc67cd91847ed8e0f57867
0xa455bc7517b50ff4b45b9f788e2aa9dae6ec66c870cc0ec9ef0ff5d2a175fa2b92000000,0x311371a59b63e99a0722d2d308334ad17fb466916edc3112d0d3833942407e0a,0xa6c4089d666e075c3e94caca3cd0479667573498,0x4b47f4339a73d50ac1cf965b9699a5966a3918e9,0x004c00500000ad104d7dbd00e3ae0a5c00560c00,1655428633,0xa455bc7517b50ff4b45b9f788e2aa9dae6ec66c870cc0ec9ef0ff5d2a175fa2b
0xa455bc7517b50ff4b45b9f788e2aa9dae6ec66c870cc0ec9ef0ff5d2a175fa2b91000000,0xb809fa25e2bbbca1248bb9f8ccbb90c03c0640f8994fa8263316be36387e68e6,0x5698a7124a9c965a7d7ba90c7797081fdd377c26,0x4b47f4339a73d50ac1cf965b9699a5966a3918e9,0x004c00500000ad104d7dbd00e3ae0a5c00560c00,1655428633,0xa455bc7517b50ff4b45b9f788e2aa9dae6ec66c870cc0ec9ef0ff5d2a175fa2b
0xa10ec63a66a1206d113e88aafea48ce7cadab882dfab94711b88f16f558059ff70000000,0xdaf7dcaa3feadfcecda6730ce52efe45fa69d254ac9ff819838d9eb39a382f60,0xcf2066b1a4736749b0ab88a495cc074c03aa0aa5,0x2b098e41877f8ee1d374667095a79fc3c54e22d4,0x004c00500000ad104d7dbd00e3ae0a5c00560c00,1655428633,0xa10ec63a66a1206d113e88aafea48ce7cadab882dfab94711b88f16f558059ff
0xa10ec63a66a1206d113e88aafea48ce7cadab882dfab94711b88f16f558059ff6f000000,0x3f99a3c0dba1abc1c015ab0c6be68e389d216c4bf4deb4a75ba87aeb0a12a0f8,0x2062e18a512776ce12c1814785a90ef8d3a1d12b,0x2b098e41877f8ee1d374667095a79fc3c54e22d4,0x004c00500000ad104d7dbd00e3ae0a5c00560c00,1655428633,0xa10ec63a66a1206d113e88aafea48ce7cadab882dfab94711b88f16f558059ff
0xa10ec63a66a1206d113e88aafea48ce7cadab882dfab94711b88f16f558059ff6e000000,0xebd6ed977dd16a6d9eff8dcf3430f22b422441e5c07b5c86a8152f3fe5cc98f2,0x978af35a2db795f7aeec71a548510e7903c01821,0x2b098e41877f8ee1d374667095a79fc3c54e22d4,0x004c00500000ad104d7dbd00e3ae0a5c00560c00,1655428633,0xa10ec63a66a1206d113e88aafea48ce7cadab882dfab94711b88f16f558059ff
0xa10ec63a66a1206d113e88aafea48ce7cadab882dfab94711b88f16f558059ff6d000000,0xcb62bf8b59b7cf4c7fc95ab4bd76af633f1654057bb5279c593c9ed7d5c8a844,0x125f94756f080801debd03b54a2317d15a5994c6,0x2b098e41877f8ee1d374667095a79fc3c54e22d4,0x004c00500000ad104d7dbd00e3ae0a5c00560c00,1655428633,0xa10ec63a66a1206d113e88aafea48ce7cadab882dfab94711b88f16f558059ff
0xa10ec63a66a1206d113e88aafea48ce7cadab882dfab94711b88f16f558059ff6c000000,0x122a6c0da0379aec2b8de3246ce8f71f572b3fb2b64968acc66936fc3ecc9703,0xcf2066b1a4736749b0ab88a495cc074c03aa0aa5,0x2b098e41877f8ee1d374667095a79fc3c54e22d4,0x004c00500000ad104d7dbd00e3ae0a5c00560c00,1655428633,0xa10ec63a66a1206d113e88aafea48ce7cadab882dfab94711b88f16f558059ff
0xa10ec63a66a1206d113e88aafea48ce7cadab882dfab94711b88f16f558059ff6b000000,0x77da2ebe820e294004d1bc2ac5803a7d267bbec76b8061dd05720f401a6edeef,0xcf2066b1a4736749b0ab88a495cc074c03aa0aa5,0x2b098e41877f8ee1d374667095a79fc3c54e22d4,0x004c00500000ad104d7dbd00e3ae0a5c00560c00,1655428633,0xa10ec63a66a1206d113e88aafea48ce7cadab882dfab94711b88f16f558059ff
0xa10ec63a66a1206d113e88aafea48ce7cadab882dfab94711b88f16f558059ff6a000000,0x3229140c0b0aa6bcbb1e9b5770a70f183e5e03e65b8d37656c9b666caa9d2737,0xcf2066b1a4736749b0ab88a495cc074c03aa0aa5,0x2b098e41877f8ee1d374667095a79fc3c54e22d4,0x004c00500000ad104d7dbd00e3ae0a5c00560c00,1655428633,0xa10ec63a66a1206d113e88aafea48ce7cadab882dfab94711b88f16f558059ff
0x2422be56254269dd51df013643226114820e842725a0b22434b7ad4106c6134832000000,0x8754425bc823f65a215e0049146dd5fb400f9b897a15bf36b5d8c058aaeaef79,0xa1db3aa24b7af52a4dd423c8b628e7cfd78f5468,0x865b99317365e766287914c4d763363e0586cd65,0x004c00500000ad104d7dbd00e3ae0a5c00560c00,1655428633,0x2422be56254269dd51df013643226114820e842725a0b22434b7ad4106c61348
0xff466af1019bfd2206c204a8d7c8ea3e675aba0e18b955b356483a1dc67636d423010000,0x27cfb98ed348eb25d31d183eac50e9194a251c7414adf387239dbdb2e3113a5c,0xee352e34a7cd45aa3003f26b2a1a4d19858ac798,0x8455d17a8b7d28abe58d3fbbc3bf6acd963083ed,0x004c00500000ad104d7dbd00e3ae0a5c00560c00,1655428619,0xff466af1019bfd2206c204a8d7c8ea3e675aba0e18b955b356483a1dc67636d4
0xd1d4507c9fc5fd94a076f553bfb296d573b696cc6aa058155ffbb26e6892e1d2da000000,0xc7e5651d0f94aec880138eae2f3764764d11ee6d2874e44716320f2ff9dddcdd,0xfee506a57a08bafd61fc3fda2209fd416c41752d,0x2eca0bbd9ea9ea5998c9803f5d56ac0088462b65,0x004c00500000ad104d7dbd00e3ae0a5c00560c00,1655428619,0xd1d4507c9fc5fd94a076f553bfb296d573b696cc6aa058155ffbb26e6892e1d2
0xc650c32b85de8e8db19005a28afac40626dac96b80c7543f4e831363457579f60b010000,0x91a34fff7d789465b37432fce86472c80192eea23e2742be841b2ec18e9d67fa,0xa5967bfdf95101164bd7055d81aebb57a321a046,0x014c359fe0e97fe9bfc250d64eca62d22eec347d,0x004c00500000ad104d7dbd00e3ae0a5c00560c00,1655428619,0xc650c32b85de8e8db19005a28afac40626dac96b80c7543f4e831363457579f6
0xc650c32b85de8e8db19005a28afac40626dac96b80c7543f4e831363457579f60a010000,0x3d51c9bf9741fdcfb046e2ba15c7cf3ebbe19b266d1b3e06f9aeead4711e1d18,0x8b1332e6414c830e823110667a6f0c10463d0f98,0x014c359fe0e97fe9bfc250d64eca62d22eec347d,0x004c00500000ad104d7dbd00e3ae0a5c00560c00,1655428619,0xc650c32b85de8e8db19005a28afac40626dac96b80c7543f4e831363457579f6
0xc650c32b85de8e8db19005a28afac40626dac96b80c7543f4e831363457579f609010000,0x6400396194dc44eecec701de20c4f20cd9fe7d1860b558990854f2be9c735295,0x1084fd00bfa45c7fd7c3af4d8c9336924ebe6259,0x014c359fe0e97fe9bfc250d64eca62d22eec347d,0x004c00500000ad104d7dbd00e3ae0a5c00560c00,1655428619,0xc650c32b85de8e8db19005a28afac40626dac96b80c7543f4e831363457579f6
0xc650c32b85de8e8db19005a28afac40626dac96b80c7543f4e831363457579f608010000,0x46da5d1bfb0ffd7a0faa9418f080f412c64a659061a50f8bb793d1cce96c193a,0x1084fd00bfa45c7fd7c3af4d8c9336924ebe6259,0x014c359fe0e97fe9bfc250d64eca62d22eec347d,0x004c00500000ad104d7dbd00e3ae0a5c00560c00,1655428619,0xc650c32b85de8e8db19005a28afac40626dac96b80c7543f4e831363457579f6
0xc650c32b85de8e8db19005a28afac40626dac96b80c7543f4e831363457579f607010000,0x9c1e609808c0301cc4bf6eee687fe1abb0eb98f22b7eb6b623675551686d855b,0x5e8137aa563b0f424d8d34b9f612ac743b13efd3,0x014c359fe0e97fe9bfc250d64eca62d22eec347d,0x004c00500000ad104d7dbd00e3ae0a5c00560c00,1655428619,0xc650c32b85de8e8db19005a28afac40626dac96b80c7543f4e831363457579f6
0xc650c32b85de8e8db19005a28afac40626dac96b80c7543f4e831363457579f606010000,0x35746d9524cef1f083032574d47b943c048e479dbb0b8d628260877ffa1f55be,0x5e8137aa563b0f424d8d34b9f612ac743b13efd3,0x014c359fe0e97fe9bfc250d64eca62d22eec347d,0x004c00500000ad104d7dbd00e3ae0a5c00560c00,1655428619,0xc650c32b85de8e8db19005a28afac40626dac96b80c7543f4e831363457579f6
0xc650c32b85de8e8db19005a28afac40626dac96b80c7543f4e831363457579f605010000,0xf9239a717664a6260c1d70e18a30c3cc8e87ae988cdff058c6395fe34a6d45c7,0x5e8137aa563b0f424d8d34b9f612ac743b13efd3,0x014c359fe0e97fe9bfc250d64eca62d22eec347d,0x004c00500000ad104d7dbd00e3ae0a5c00560c00,1655428619,0xc650c32b85de8e8db19005a28afac40626dac96b80c7543f4e831363457579f6
0x9609d3ed9c4268b12c2d982571a6f2c0a4e903b043075701e8797e62607589501e010000,0x0a093ca1698f72e04dda1a59683b7b5410c8ecda38b8392ac1ecf1f3da2740ff,0xfee506a57a08bafd61fc3fda2209fd416c41752d,0xb6f6b9aa69d6dfd8039b35f0c49463f27696d437,0x004c00500000ad104d7dbd00e3ae0a5c00560c00,1655428619,0x9609d3ed9c4268b12c2d982571a6f2c0a4e903b043075701e8797e6260758950
0x8bb1221acceb45100a27621a727bd5aa9f8aa36987291ec669de09feac1f320dc4010000,0xa06a6f3d2fad794a208fb46e73b72d6da4755aad903701dba75c77d44dfc477b,0x9f1d8fdb949b2f9136457e168d72a50747833244,0x0f0de6030fed0f76f5c84e4e029a9aa365c0985c,0x004c00500000ad104d7dbd00e3ae0a5c00560c00,1655428619,0x8bb1221acceb45100a27621a727bd5aa9f8aa36987291ec669de09feac1f320d
0x8bb1221acceb45100a27621a727bd5aa9f8aa36987291ec669de09feac1f320dc3010000,0x6293c1b9d8b9c940ad034e50f53463d92462835ca85684c36c6e2ab8fd9aea36,0xa4b0731d72ba4246456dd36490a7181d7595f57b,0x0f0de6030fed0f76f5c84e4e029a9aa365c0985c,0x004c00500000ad104d7dbd00e3ae0a5c00560c00,1655428619,0x8bb1221acceb45100a27621a727bd5aa9f8aa36987291ec669de09feac1f320d
0x698ca075ff9c645f5989aa5e59d077cb1f3c7294844aa3a48035e3f559ebcba763000000,0xbd75690d213fbc78d7da854cf4251fb880a80be68ff86731677eae97d146f993,0x4b51b2e97ff1d85b449d84a6c87b37fb6cc299e7,0x1d10b0166a761f269adf864ebdaca9be445ca637,0x004c00500000ad104d7dbd00e3ae0a5c00560c00,1655428619,0x698ca075ff9c645f5989aa5e59d077cb1f3c7294844aa3a48035e3f559ebcba7
0x54558478a12e8a19a4eebadd361522ead846851aa99d4fb92a59d11fe8dd85dd68000000,0x4da2f830bc1b15a5aa3530a2be0545a11beed0e93321e95b705785c95740b0b4,0xbc94705a86ba1e789f27ecb53c30b544fb4870cd,0x9009b8ddd2eb41944d322829984879349ea4d12b,0x004c00500000ad104d7dbd00e3ae0a5c00560c00,1655428619,0x54558478a12e8a19a4eebadd361522ead846851aa99d4fb92a59d11fe8dd85dd
0x4bac4df9a1dcff9459e965a2461a71bbdaee60d8ca0fbb5e3b3286e7d6cafc9fc0000000,0x412f2834368c331ceae4d0fda413be883ed0ea01d4ba23141662605199d1bbca,0x432c2c5d22893c60431f9c88cc177d7d84ec5f38,0x020cb8e594871dfbadf5ac6cb4a2a308005b80b7,0x004c00500000ad104d7dbd00e3ae0a5c00560c00,1655428619,0x4bac4df9a1dcff9459e965a2461a71bbdaee60d8ca0fbb5e3b3286e7d6cafc9f
0x404bd67c190e8139f899eb306075b05a3ae91bbd6b6ddd49b3105e4e6bf1ecb519000000,0x08a7d0f5471ee0396d0ce0456839a95fcf3a2b2ecdb2e84794bf2a812d0e7f7b,0xfee506a57a08bafd61fc3fda2209fd416c41752d,0x1618406d203aefa14526f77d79fdbeac9d42137b,0x004c00500000ad104d7dbd00e3ae0a5c00560c00,1655428619,0x404bd67c190e8139f899eb306075b05a3ae91bbd6b6ddd49b3105e4e6bf1ecb5
0x328b593fb384c908a4f3d23391025f5b7e31bb33de1c87571edab4c76b065a936c000000,0x75b059cada983a9b978f0a7b2229b7127826fb68e753aba3ff2f38cdaad90c46,0x10ca09242ac13ff8a9698d090af848e4d787ac45,0x468cad5b0df6a5c316911dfdd3e102e4ba62f845,0x004c00500000ad104d7dbd00e3ae0a5c00560c00,1655428619,0x328b593fb384c908a4f3d23391025f5b7e31bb33de1c87571edab4c76b065a93
0x199ff610a726e6fbf8179d624c2053f159358ca66ff8371272c7666ece06311b5b000000,0x985bcbffa39cbef9860daa8ba98e1a34684ba36de9e7004b1ceca78f92d65d62,0x73eb5374e19d32cf8bc01c1c42d62bed28a95e04,0xb27d8ef53efd9e02a815d9fa58add5e83aa3fd56,0x004c00500000ad104d7dbd00e3ae0a5c00560c00,1655428619,0x199ff610a726e6fbf8179d624c2053f159358ca66ff8371272c7666ece06311b
0xf46f1fcbaec0986d0b74876e7f095b72a8a7e2c5437d6f28ffa56a34233474430a010000,0x5724319c28f497502fec8ee280fe98dfddecc98a5ca58a351d60836009814f8b,0x6e4ec434353fe3a7d9d0b5e0ba4500d9945289df,0xa826773e0ae37e430ce20824a11320bc4068d12e,0x004c00500000ad104d7dbd00e3ae0a5c00560c00,1655428596,0xf46f1fcbaec0986d0b74876e7f095b72a8a7e2c5437d6f28ffa56a3423347443
0xf4650d727bb6f01d523dd5b27a440ea621fbfda19b71650f836c1ac57ea713b2ad010000,0x64bdf5462094cfed5a760edf1e7e6545306363cd74d4c9953df4b0c7adf4914f,0xe238eba4ab7a38f57c7d2ef352b8b3a8fcdfbba7,0x877eadee34393f6b2118f45d0cee8d35835d7bf5,0x004c00500000ad104d7dbd00e3ae0a5c00560c00,1655428596,0xf4650d727bb6f01d523dd5b27a440ea621fbfda19b71650f836c1ac57ea713b2
0xdd01c31b8dc24d052046ed8def27c38db88c5bf9f44fbb930f978e81dcfd203b83000000,0x496d6d42e92167fdd37e22be159e4f00028b7e22d4ce2f26d29a7ad7ea78cc27,0x46502b3d550352e3a0c0a8a1437cfa67a1b6c315,0x3cdcf9c8209b95e09b352fa95281a31f93bb23c9,0x004c00500000ad104d7dbd00e3ae0a5c00560c00,1655428596,0xdd01c31b8dc24d052046ed8def27c38db88c5bf9f44fbb930f978e81dcfd203b
0xce5c9f8137796ba2898f4beacaf2edb48a615636bb30c6058149d061da03c9eb0d010000,0x36a743906d6521cc16c63f58ad263787881b3981874132f79df5118cb6ba2b33,0x22e7259b76fb34abc2ee4d60bc996727b3b79a83,0x99d0fa75c9172fa97f2b9490f13b9aceeb6efa8c,0x004c00500000ad104d7dbd00e3ae0a5c00560c00,1655428596,0xce5c9f8137796ba2898f4beacaf2edb48a615636bb30c6058149d061da03c9eb
0x3e22dde477c2dc129e8ca3f284261a3c70b2c92f0a5746cd22393955f1dfda9e19010000,0xeb62df3cefcdbca0d7c7fe95a6f2cca807464851e090ff5ba3b3e04d0320a0a4,0x2611e05cc5828a2c50fad3da18c5903cbdfb3983,0x6a0d1109a2984d5f938f558c6428fc8322a8904f,0x004c00500000ad104d7dbd00e3ae0a5c00560c00,1655428596,0x3e22dde477c2dc129e8ca3f284261a3c70b2c92f0a5746cd22393955f1dfda9e
0x06399eea5862368fe01724b0f0cf61ab55fe96f7b042a76a3df5987d1b61bca31f010000,0x9de9794d08245c374791da20aa548b10796c22454c566cb54eed719e0890522a,0x4faff7113cebd8182dfd4b96606a46f01dca29fe,0x5091ebaee4ce198370491c844dcbf54d97850c25,0x004c00500000ad104d7dbd00e3ae0a5c00560c00,1655428596,0x06399eea5862368fe01724b0f0cf61ab55fe96f7b042a76a3df5987d1b61bca3
0xfc9e30057d2295ce5a4da193cf1af9b3fac9f1a8c6652d4ddf587ae576120cbd4a010000,0x3f9a46c1c396ce2d56704ab36633e5621e74530efc7bdf7a3813517526e74cc5,0x07af24187af042b37ce8ed27bc1d55f50af1a923,0x38fc169484594d117f07c5d837f0642952bdb081,0x004c00500000ad104d7dbd00e3ae0a5c00560c00,1655428523,0xfc9e30057d2295ce5a4da193cf1af9b3fac9f1a8c6652d4ddf587ae576120cbd
0xea5a7682b6b802ef9ed64bbd0377bc45d85749985ca8cdb6f4aeb284ae834c2224010000,0xcc4f4aced239d86c8d74deb533a9e183f8b0899f51b8967d3df2a86891a7b112,0xcddd99e892b5969fcb3df203d71e8bc18d606687,0xc9459bf2e0a1f89ec29c77b3944581cf590f9a7e,0x004c00500000ad104d7dbd00e3ae0a5c00560c00,1655428523,0xea5a7682b6b802ef9ed64bbd0377bc45d85749985ca8cdb6f4aeb284ae834c22
0xdc999caf7123d09367149a38affe91a977d705af541d2d6ce5572987409aea0e18010000,0x35233def1ab342a6cd1dfc51ed82477da88cb5fa996aab882d891bb29dd83df9,0xfb5864cfffff61a17397fb3097c53fd74b468fd4,0x38747353abc88cbeb3a571c33eb24c9650c8cc61,0x004c00500000ad104d7dbd00e3ae0a5c00560c00,1655428523,0xdc999caf7123d09367149a38affe91a977d705af541d2d6ce5572987409aea0e
0xd68de2d69fe5495beb0b22f7b5f3195dbeec80058c2c8f1e6315726c8d83bcc481010000,0x967673614fe0c4cd55e6b2b9e3f0db60c6f803b72f6290c95350b6924f144e8f,0x0ca0175a124b7d25e5e63482fa8e261081f47dd1,0xf02bf0c332c6f93cf4e13c8849c2d84fa3ed2877,0x004c00500000ad104d7dbd00e3ae0a5c00560c00,1655428523,0xd68de2d69fe5495beb0b22f7b5f3195dbeec80058c2c8f1e6315726c8d83bcc4
0xd510f73236e580399de223e76b4db19e99a92488c58405df235975946e9238fd72010000,0x9f8abc847ab5ed7d724a943e0a2d33d4d586fb584e42a50a5e05d9bee569112d,0xf14a11ebe485e758fda40dfeb9cd505011490b2f,0x4ffe2f674c4afa078554cb2e5a6a672452b6c290,0x004c00500000ad104d7dbd00e3ae0a5c00560c00,1655428523,0xd510f73236e580399de223e76b4db19e99a92488c58405df235975946e9238fd
0xc0d7547bad68f72bfdd38f7df024d676c92a5712f352c6e496673c2114ef32355f010000,0x67c5a9b4318141a7ff8e5a5709a31c72a9159991be6fefe5b85af3583cb85dd3,0x00893c0ef3ae00bdc24ace93d2c829f453d99030,0x775147937cd66dffa50b82187e603faef4839cd3,0x004c00500000ad104d7dbd00e3ae0a5c00560c00,1655428523,0xc0d7547bad68f72bfdd38f7df024d676c92a5712f352c6e496673c2114ef3235
0xab4dca39cf736aca5a0c96e95e4bf241d4ca4967f683aed3087c7cb497a29edb6c010000,0xd4d04a7e8a430f7ce1d0bfa49cfef97a27346765a64ec99c51fc7351b59ae959,0xcc29d64c285f22d3b55796803e201488dd666906,0xa6e1dedd18352cbedeb6eace09d9231e67d46a69,0x004c00500000ad104d7dbd00e3ae0a5c00560c00,1655428523,0xab4dca39cf736aca5a0c96e95e4bf241d4ca4967f683aed3087c7cb497a29edb
0xaab0daf4face890b6e1792a0f46f4ef2a79026066d3db8332c469c5afa99c1b22e010000,0x0ac4c328b0db2984328ebf66d7f2b84e7b88bf3efeed34b40450d556498d5d83,0x906a8b6ce76d7f9a90152345a8b9cb6c4ae1caf3,0xa52272a01bba36a827a62d1d2b48053844a42e70,0x004c00500000ad104d7dbd00e3ae0a5c00560c00,1655428523,0xaab0daf4face890b6e1792a0f46f4ef2a79026066d3db8332c469c5afa99c1b2
0x84c15182f27000959efd305fade49828b0d3825931b5e78839dd571dd7e7dfb15b010000,0x35f8592ee9ed1f82fee17b8253de8294d86211ded12f54fc9599ee4e6ad2da67,0xcc35ca2a5d989bd0fbf3c6ef17c260672695e0e0,0x57d6c591bfb3ac813df0119cb737eb2ded582cab,0x004c00500000ad104d7dbd00e3ae0a5c00560c00,1655428523,0x84c15182f27000959efd305fade49828b0d3825931b5e78839dd571dd7e7dfb1
0x83f29741006ff391e39857539b7ec09d7c2a77a1270548a19b00f58879d23e3250010000,0xa30ef403b0445cd20c2838f9ac4f6342391c6c1f25aad8d25c83e63469c1e650,0xeb05036d47deac95e5e67ac5f3b9b8f704fd4331,0x8e47450a6445a8aec561ec1df2f0dedb3d20d47e,0x004c00500000ad104d7dbd00e3ae0a5c00560c00,1655428523,0x83f29741006ff391e39857539b7ec09d7c2a77a1270548a19b00f58879d23e32
0x696d169be6dc50bdb6b6dfa259983c1f5bf990e055ecdbf56df45aa784aa66bc90010000,0x3dc589ec0533086e8464b5f3e2914bf0b244c8e1b4b9236d2a8a90939813b028,0xd46166d4e11bc4f1648fd4119a4302e721d4e15b,0xc78221320e488928fbab08b76c84b4881b18c2e7,0x004c00500000ad104d7dbd00e3ae0a5c00560c00,1655428523,0x696d169be6dc50bdb6b6dfa259983c1f5bf990e055ecdbf56df45aa784aa66bc
0x5e537bdb8ee939736bed386dfa7dac621276af71e26b186505d1a114c3d1bbf00f010000,0x7f0529ac0aa2a799164a6c3b2e6815b1f00bc5f28a8912fecc2c00da95090390,0xe19343258a52f1011640844def4644479d09a09a,0x19d8fb7c92f90ecec27bd8fd7c1ea21172deb0c5,0x004c00500000ad104d7dbd00e3ae0a5c00560c00,1655428523,0x5e537bdb8ee939736bed386dfa7dac621276af71e26b186505d1a114c3d1bbf0
0x4f7c2dc51cf0679b2b90eb76b54e93fb89698af465a6bc0237a0b117fea6636e34010000,0x40d0221c6f1681ee171ebda83035910faf65f93905f153dc6a3c8134eba386ec,0xc945b4f3183c5e23670457f0f98b1a713b416fc1,0xe3013b1d58b257684ed9862dbeef81d863e2e0f3,0x004c00500000ad104d7dbd00e3ae0a5c00560c00,1655428523,0x4f7c2dc51cf0679b2b90eb76b54e93fb89698af465a6bc0237a0b117fea6636e
0x3d012d302f37eb3fec285ed6225b0990e7cf238e79b85378cc8acd3052b35da052010000,0x50da584cae783e506125d78d3b8beef0a6e69b40e42928317967659d26f532a3,0x117e1e5c9f1ed5216b212842b2eebf6d6610a285,0x9ef9941dcd247e74e9e8b23386ac9d678888211c,0x004c00500000ad104d7dbd00e3ae0a5c00560c00,1655428523,0x3d012d302f37eb3fec285ed6225b0990e7cf238e79b85378cc8acd3052b35da0
0x34b7da7e8365d70eaa814371d044e72c109cb976c2e3c4a549e40e5e91e7ff1a03010000,0x2f34ac02118ab18241a257cc755a9fb99de6de697e2208c185c4c516ae8fee28,0x553eb514690d27ec7543a9f514a0a147143ea7e0,0x1a7621649954c23f8997125b33d1ddba11b39410,0x004c00500000ad104d7dbd00e3ae0a5c00560c00,1655428523,0x34b7da7e8365d70eaa814371d044e72c109cb976c2e3c4a549e40e5e91e7ff1a
